Date,AAPL,AMZN,MSFT,SPY
2010-01-01,,,,
2010-01-04,30.57,133.9,30.95,113.33
2010-01-05,30.63,134.69,30.96,113.63
2010-01-06,30.14,132.25,30.77,113.71
2010-01-07,30.08,130.0,30.45,114.19
2010-01-08,30.28,133.52,30.66,114.57
2010-01-11,30.02,130.31,30.27,114.73
2010-01-12,29.67,127.35,30.07,113.66
2010-01-13,30.09,129.11,30.35,114.62
2010-01-14,29.92,127.35,30.96,114.93
2010-01-15,29.42,127.14,30.86,113.64
2010-01-18,,,,
2010-01-19,30.72,127.61,31.1,115.06
2010-01-20,30.25,125.78,30.58,113.89
2010-01-21,29.72,126.62,30.01,111.7
2010-01-22,28.25,121.43,28.96,109.21
2010-01-25,29.01,120.31,29.32,109.77
2010-01-26,29.42,119.48,29.5,109.31
2010-01-27,29.7,122.75,29.67,109.83
2010-01-28,28.47,126.03,29.16,108.57
2010-01-29,27.44,125.41,28.18,107.39
2010-02-01,27.82,118.87,28.41,109.06
2010-02-02,27.98,118.12,28.46,110.38
2010-02-03,28.46,119.1,28.63,109.83
2010-02-04,27.44,115.94,27.84,106.44
2010-02-05,27.92,117.39,28.02,106.66
2010-02-08,27.73,116.83,27.72,105.89
2010-02-09,28.03,118.03,28.01,107.22
2010-02-10,27.87,117.36,27.99,107.01
2010-02-11,28.38,120.09,28.12,108.13
2010-02-12,28.63,119.66,27.93,108.04
2010-02-15,,,,
2010-02-16,29.06,117.53,28.35,109.74
2010-02-17,28.94,116.31,28.59,110.26
2010-02-18,28.99,118.08,28.97,110.91
2010-02-19,28.81,117.52,28.77,111.14
2010-02-22,28.63,118.01,28.73,111.16
2010-02-23,28.15,117.24,28.33,109.81
2010-02-24,28.66,119.72,28.63,110.82
2010-02-25,28.86,118.2,28.6,110.67
2010-02-26,29.23,118.4,28.67,110.74
2010-03-01,29.86,124.54,29.02,111.89
2010-03-02,29.84,125.53,28.46,112.2
2010-03-03,29.9,125.89,28.46,112.3
2010-03-04,30.1,128.53,28.63,112.64
2010-03-05,31.28,128.91,28.59,114.25
2010-03-08,31.3,130.11,28.63,114.27
2010-03-09,31.86,128.82,28.8,114.46
2010-03-10,32.12,130.51,28.97,114.97
2010-03-11,32.21,133.58,29.18,115.45
2010-03-12,32.37,131.82,29.27,115.46
2010-03-15,31.98,131.13,29.29,115.49
2010-03-16,32.06,131.79,29.37,116.41
2010-03-17,32.02,131.34,29.63,117.1
2010-03-18,32.09,132.76,29.61,117.04
2010-03-19,31.75,130.35,29.59,115.97
2010-03-22,32.11,130.47,29.6,116.59
2010-03-23,32.62,129.26,29.88,117.41
2010-03-24,32.77,128.04,29.65,116.84
2010-03-25,32.38,134.73,30.01,116.65
2010-03-26,32.99,135.06,29.66,116.58
2010-03-29,33.2,135.12,29.59,117.32
2010-03-30,33.69,136.58,29.77,117.4
2010-03-31,33.57,135.77,29.29,117.0
2010-04-01,,,,117.8
2010-04-02,,,,
2010-04-05,34.07,131.49,29.27,118.76
2010-04-06,34.22,135.56,29.32,119.04
2010-04-07,34.37,134.87,29.35,118.36
2010-04-08,34.28,140.96,29.92,118.77
2010-04-09,34.54,140.06,30.34,119.55
2010-04-12,34.61,141.2,30.32,119.74
2010-04-13,34.63,140.16,30.45,119.83
2010-04-14,35.1,144.28,30.82,121.19
2010-04-15,35.56,145.82,30.87,121.29
2010-04-16,35.34,142.17,30.67,119.36
2010-04-19,35.3,142.43,31.04,119.81
2010-04-20,34.94,144.2,31.36,120.88
2010-04-21,37.03,146.43,31.33,120.66
2010-04-22,38.07,150.09,31.39,121.02
2010-04-23,38.69,143.63,30.96,121.81
2010-04-26,38.5,147.11,31.11,121.35
2010-04-27,37.43,142.02,30.84,118.48
2010-04-28,37.37,139.35,30.91,119.38
2010-04-29,38.38,141.73,31.0,120.86
2010-04-30,37.3,137.1,30.54,118.81
2010-05-03,38.05,137.49,30.86,120.35
2010-05-04,36.95,129.83,30.13,117.52
2010-05-05,36.57,130.93,29.85,116.82
2010-05-06,35.18,128.71,28.98,112.94
2010-05-07,33.69,124.98,28.21,111.26
2010-05-10,36.28,131.29,28.94,116.16
2010-05-11,36.65,130.46,28.88,115.83
2010-05-12,37.44,133.87,29.44,117.45
2010-05-13,36.91,131.47,29.24,115.99
2010-05-14,36.26,128.53,28.93,113.89
2010-05-17,36.32,128.91,28.94,113.95
2010-05-18,36.05,126.28,28.6,112.4
2010-05-19,35.48,124.59,28.24,111.76
2010-05-20,33.97,119.71,27.11,107.54
2010-05-21,34.62,122.72,26.84,109.12
2010-05-24,35.25,122.12,26.27,107.71
2010-05-25,35.03,124.86,26.07,107.82
2010-05-26,34.87,123.21,25.01,107.17
2010-05-27,36.19,126.7,26.0,110.76
2010-05-28,36.7,125.46,25.8,109.37
2010-05-31,,,,
2010-06-01,37.26,123.24,25.89,107.53
2010-06-02,37.71,126.31,26.46,110.33
2010-06-03,37.59,128.76,26.86,110.71
2010-06-04,36.57,122.77,25.79,106.82
2010-06-07,35.85,122.01,25.29,105.49
2010-06-08,35.62,118.84,25.11,106.62
2010-06-09,34.74,117.91,24.79,106.05
2010-06-10,35.79,123.21,25.0,109.15
2010-06-11,36.22,123.03,25.66,109.68
2010-06-14,36.33,123.83,25.5,109.51
2010-06-15,37.1,126.84,26.58,112.0
2010-06-16,38.18,126.9,26.32,111.96
2010-06-17,38.84,125.89,26.37,112.14
2010-06-18,39.15,125.83,26.44,111.73
2010-06-21,38.6,122.55,25.95,111.41
2010-06-22,39.12,122.31,25.77,109.57
2010-06-23,38.71,121.45,25.31,109.23
2010-06-24,38.43,118.33,25.0,107.42
2010-06-25,38.1,121.0,24.53,107.87
2010-06-28,38.33,117.8,24.31,107.53
2010-06-29,36.6,108.61,23.31,104.21
2010-06-30,35.93,109.26,23.01,103.22
2010-07-01,35.5,110.96,23.16,102.76
2010-07-02,35.28,109.14,23.27,102.2
2010-07-05,,,,
2010-07-06,35.52,110.06,23.82,102.87
2010-07-07,36.95,113.43,24.3,106.11
2010-07-08,36.87,116.22,24.41,107.16
2010-07-09,37.09,117.26,24.27,107.96
2010-07-12,36.76,119.51,24.83,108.03
2010-07-13,35.97,123.65,25.13,109.66
2010-07-14,36.1,123.3,25.44,109.65
2010-07-15,35.92,122.06,25.51,109.68
2010-07-16,35.7,118.49,24.89,106.66
2010-07-19,35.08,119.94,25.23,107.29
2010-07-20,35.98,120.1,25.48,108.48
2010-07-21,36.32,117.43,25.12,107.07
2010-07-22,37.0,120.07,25.84,109.46
2010-07-23,37.13,118.87,25.81,110.41
2010-07-26,37.04,118.4,26.1,111.56
2010-07-27,37.73,117.13,26.16,111.55
2010-07-28,37.28,117.13,25.95,110.83
2010-07-29,36.87,116.86,26.03,110.29
2010-07-30,36.75,117.89,25.81,110.27
2010-08-02,37.41,120.07,26.33,112.76
2010-08-03,37.42,122.42,26.16,112.22
2010-08-04,37.57,127.58,25.73,112.97
2010-08-05,37.39,127.83,25.37,112.85
2010-08-06,37.16,128.32,25.55,112.39
2010-08-09,37.39,128.83,25.61,112.99
2010-08-10,37.06,130.0,25.07,112.38
2010-08-11,35.74,125.89,24.86,109.3
2010-08-12,35.97,126.56,24.49,108.63
2010-08-13,35.59,124.69,24.4,108.31
2010-08-16,35.38,126.07,24.5,108.26
2010-08-17,36.0,128.86,24.71,109.59
2010-08-18,36.15,129.65,24.82,109.79
2010-08-19,35.7,127.57,24.44,107.88
2010-08-20,35.66,127.76,24.23,107.53
2010-08-23,35.11,126.6,24.28,107.12
2010-08-24,34.28,124.53,24.04,105.53
2010-08-25,34.7,126.85,24.1,105.94
2010-08-26,34.33,124.86,23.82,105.23
2010-08-27,34.52,126.64,23.93,106.86
2010-08-30,34.64,123.79,23.64,105.31
2010-08-31,34.73,124.83,23.46,105.31
2010-09-01,35.76,132.49,23.9,108.46
2010-09-02,36.02,135.21,23.94,109.47
2010-09-03,36.97,138.79,24.29,110.89
2010-09-06,,,,
2010-09-07,36.83,137.22,23.96,109.64
2010-09-08,37.56,139.14,23.93,110.41
2010-09-09,37.58,140.38,24.01,110.92
2010-09-10,37.63,142.44,23.85,111.48
2010-09-13,38.15,145.07,25.11,112.72
2010-09-14,38.29,145.75,25.03,112.65
2010-09-15,38.6,145.45,25.12,113.08
2010-09-16,39.51,148.13,25.33,113.05
2010-09-17,39.34,148.32,25.22,112.49
2010-09-20,40.46,151.3,25.43,114.21
2010-09-21,40.54,150.73,25.15,113.98
2010-09-22,41.11,151.83,24.61,113.42
2010-09-23,41.27,152.85,24.43,112.5
2010-09-24,41.76,160.73,24.78,114.82
2010-09-27,41.6,159.37,24.73,114.27
2010-09-28,40.98,159.7,24.68,114.67
2010-09-29,41.05,158.99,24.5,114.47
2010-09-30,40.54,157.06,24.49,114.13
2010-10-01,40.36,153.71,24.38,114.61
2010-10-04,39.81,155.39,23.91,113.75
2010-10-05,41.28,160.87,24.35,116.04
2010-10-06,41.31,155.4,24.43,116.03
2010-10-07,41.32,156.27,24.53,115.89
2010-10-08,42.01,155.55,24.57,116.54
2010-10-11,42.19,153.03,24.59,116.65
2010-10-12,42.65,156.48,24.83,117.01
2010-10-13,42.88,155.17,25.34,117.92
2010-10-14,43.19,155.53,25.23,117.46
2010-10-15,44.96,164.64,25.54,117.7
2010-10-18,45.43,163.56,25.82,118.54
2010-10-19,44.21,158.67,25.1,116.73
2010-10-20,44.36,158.67,25.31,117.87
2010-10-21,44.22,164.97,25.42,118.13
2010-10-22,43.92,169.13,25.38,118.35
2010-10-25,44.12,169.0,25.19,118.7
2010-10-26,44.01,169.95,25.9,118.72
2010-10-27,43.98,167.51,26.05,118.38
2010-10-28,43.61,166.84,26.28,118.4
2010-10-29,43.0,165.23,26.66,118.49
2010-11-01,43.45,162.58,26.95,118.53
2010-11-02,44.19,164.61,27.39,119.48
2010-11-03,44.69,168.47,27.03,119.95
2010-11-04,45.47,168.93,27.14,122.26
2010-11-05,45.3,170.77,26.85,122.72
2010-11-08,45.52,171.99,26.81,122.49
2010-11-09,45.15,170.27,26.95,121.61
2010-11-10,45.43,173.33,26.94,122.1
2010-11-11,45.24,170.37,26.68,121.64
2010-11-12,44.0,165.68,26.27,120.2
2010-11-15,43.86,158.9,26.2,120.03
2010-11-16,43.08,157.78,25.81,118.16
2010-11-17,42.93,158.35,25.57,118.22
2010-11-18,44.06,164.17,25.84,119.96
2010-11-19,43.82,164.82,25.69,120.29
2010-11-22,44.77,170.39,25.73,120.19
2010-11-23,44.1,168.2,25.12,118.45
2010-11-24,44.97,177.25,25.37,120.2
2010-11-25,,,,
2010-11-26,45.0,177.2,25.25,118.8
2010-11-29,45.27,179.49,25.31,119.16
2010-11-30,44.45,175.4,25.26,118.49
2010-12-01,45.2,176.55,26.04,121.01
2010-12-02,45.45,176.53,26.89,122.56
2010-12-03,45.35,175.68,27.02,122.89
2010-12-06,45.74,178.05,26.84,122.76
2010-12-07,45.46,176.77,26.87,122.83
2010-12-08,45.86,176.29,27.23,123.28
2010-12-09,45.68,174.85,27.08,123.76
2010-12-10,45.79,175.62,27.34,124.48
2010-12-13,45.95,174.25,27.24,124.56
2010-12-14,45.76,173.94,27.62,124.67
2010-12-15,45.77,175.57,27.85,124.1
2010-12-16,45.89,178.04,27.99,124.82
2010-12-17,45.8,177.58,27.9,124.3
2010-12-20,46.03,183.29,27.81,124.6
2010-12-21,46.32,184.75,28.07,125.39
2010-12-22,46.45,184.76,28.19,125.78
2010-12-23,46.23,182.59,28.3,125.6
2010-12-24,,,,
2010-12-27,46.38,182.14,28.07,125.65
2010-12-28,46.5,181.09,28.01,125.83
2010-12-29,46.47,183.37,27.97,125.92
2010-12-30,46.24,182.75,27.85,125.72
2010-12-31,46.08,180.0,27.91,125.75
2011-01-03,47.08,184.22,27.98,127.05
2011-01-04,47.33,185.01,28.09,126.98
2011-01-05,47.71,187.42,28.0,127.64
2011-01-06,47.68,185.86,28.82,127.39
2011-01-07,48.02,185.49,28.6,127.14
2011-01-10,48.92,184.68,28.22,126.98
2011-01-11,48.81,184.34,28.11,127.43
2011-01-12,49.2,184.08,28.55,128.58
2011-01-13,49.38,185.53,28.19,128.37
2011-01-14,49.78,188.75,28.3,129.3
2011-01-17,,,,
2011-01-18,48.66,191.25,28.66,129.52
2011-01-19,48.41,186.87,28.47,128.25
2011-01-20,47.53,181.96,28.35,128.08
2011-01-21,46.67,177.42,28.02,128.37
2011-01-24,48.21,176.85,28.38,129.1
2011-01-25,48.77,176.7,28.45,129.17
2011-01-26,49.12,175.39,28.78,129.67
2011-01-27,49.03,184.45,28.87,129.99
2011-01-28,48.01,171.14,27.75,127.72
2011-01-31,48.47,169.64,27.72,128.68
2011-02-01,49.29,172.11,27.99,130.74
2011-02-02,49.19,173.53,27.94,130.48
2011-02-03,49.06,173.71,27.65,130.76
2011-02-04,49.5,175.93,27.77,131.17
2011-02-07,50.27,176.43,28.2,132.0
2011-02-08,50.74,183.06,28.28,132.59
2011-02-09,51.17,185.3,27.97,132.32
2011-02-10,50.65,186.21,27.5,132.33
2011-02-11,50.98,189.25,27.25,133.15
2011-02-14,51.31,190.42,27.23,133.43
2011-02-15,51.41,189.03,26.96,133.04
2011-02-16,51.88,186.62,27.02,133.82
2011-02-17,51.19,187.76,27.21,134.22
2011-02-18,50.08,186.5,27.06,134.57
2011-02-21,,,,
2011-02-22,48.37,180.42,26.59,131.8
2011-02-23,48.95,176.68,26.59,131.01
2011-02-24,48.98,177.75,26.77,130.92
2011-02-25,49.74,177.24,26.55,132.32
2011-02-28,50.46,173.29,26.58,133.15
2011-03-01,49.9,169.44,26.16,130.89
2011-03-02,50.3,172.02,26.08,131.16
2011-03-03,51.37,172.79,26.2,133.47
2011-03-04,51.43,171.67,25.95,132.47
2011-03-07,50.77,169.08,25.72,131.37
2011-03-08,50.82,166.89,25.91,132.56
2011-03-09,50.35,169.05,25.89,132.39
2011-03-10,49.52,166.14,25.41,129.93
2011-03-11,50.28,168.07,25.68,130.84
2011-03-14,50.51,166.73,25.69,130.05
2011-03-15,49.35,165.08,25.39,128.56
2011-03-16,47.14,164.7,24.79,126.21
2011-03-17,47.81,160.97,24.78,127.85
2011-03-18,47.24,161.82,24.8,127.76
2011-03-21,48.47,164.52,25.33,129.74
2011-03-22,48.74,162.6,25.3,129.3
2011-03-23,48.46,165.32,25.54,129.64
2011-03-24,49.28,171.1,25.81,130.9
2011-03-25,50.22,170.98,25.62,131.29
2011-03-28,50.06,169.35,25.41,130.94
2011-03-29,50.14,174.62,25.49,131.86
2011-03-30,49.8,179.42,25.61,132.7
2011-03-31,49.79,180.13,25.39,132.51
2011-04-01,49.22,180.13,25.48,133.15
2011-04-04,48.74,182.94,25.55,133.24
2011-04-05,48.41,185.29,25.78,133.24
2011-04-06,48.29,182.76,26.15,133.66
2011-04-07,48.3,184.91,26.2,133.32
2011-04-08,47.87,184.71,26.07,132.86
2011-04-11,47.26,184.04,25.98,132.47
2011-04-12,47.49,180.48,25.64,131.45
2011-04-13,48.02,182.29,25.63,131.45
2011-04-14,47.49,181.82,25.42,131.56
2011-04-15,46.78,180.01,25.37,132.12
2011-04-18,47.41,178.34,25.08,130.53
2011-04-19,48.27,178.82,25.15,131.28
2011-04-20,48.92,183.87,25.76,133.16
2011-04-21,50.1,185.89,25.52,133.74
2011-04-22,,,,
2011-04-25,50.43,185.42,25.61,133.62
2011-04-26,50.06,182.3,26.19,134.79
2011-04-27,50.02,196.63,26.38,135.63
2011-04-28,49.54,195.07,26.71,136.04
2011-04-29,50.02,195.81,25.92,136.54
2011-05-02,49.47,201.19,25.66,136.25
2011-05-03,49.74,198.45,25.81,135.71
2011-05-04,49.94,199.97,26.06,134.86
2011-05-05,49.54,197.11,25.79,133.63
2011-05-06,49.52,197.6,25.87,134.2
2011-05-09,49.66,200.8,25.83,134.72
2011-05-10,49.92,203.94,25.67,135.87
2011-05-11,49.6,204.38,25.36,134.45
2011-05-12,49.51,206.07,25.32,135.1
2011-05-13,48.64,202.56,25.03,134.04
2011-05-16,47.61,192.51,24.57,133.19
2011-05-17,48.02,194.81,24.52,133.17
2011-05-18,48.55,197.09,24.69,134.38
2011-05-19,48.65,198.8,24.72,134.66
2011-05-20,47.89,198.65,24.49,133.67
2011-05-23,47.77,196.22,24.17,132.04
2011-05-24,47.46,193.27,24.15,131.95
2011-05-25,48.11,192.26,24.19,132.37
2011-05-26,47.86,195.0,24.67,133.01
2011-05-27,48.2,194.13,24.76,133.54
2011-05-30,,,,
2011-05-31,49.69,196.69,25.01,134.89
2011-06-01,49.36,192.4,24.43,131.85
2011-06-02,49.44,193.65,24.22,131.69
2011-06-03,49.06,188.32,23.9,130.4
2011-06-06,48.29,185.69,24.01,129.05
2011-06-07,47.43,187.55,24.06,128.85
2011-06-08,47.46,188.05,23.94,128.4
2011-06-09,47.36,189.68,23.96,129.4
2011-06-10,46.56,186.53,23.7,127.56
2011-06-13,46.66,186.29,24.04,127.67
2011-06-14,47.49,189.96,24.22,129.32
2011-06-15,46.68,185.98,23.74,127.02
2011-06-16,46.45,183.65,24.0,127.28
2011-06-17,45.75,186.37,24.26,127.02
2011-06-20,45.05,187.72,24.47,127.7
2011-06-21,46.47,194.23,24.76,129.42
2011-06-22,46.09,191.63,24.65,128.7
2011-06-23,47.32,194.16,24.63,128.29
2011-06-24,46.62,192.55,24.3,126.81
2011-06-27,47.43,201.25,25.2,127.94
2011-06-28,47.89,202.35,25.8,129.61
2011-06-29,47.72,204.18,25.62,130.75
2011-06-30,47.95,204.49,26.0,131.97
2011-07-01,49.04,209.49,26.02,133.96
2011-07-04,,,,
2011-07-05,49.92,213.19,26.03,133.71
2011-07-06,50.25,214.19,26.33,133.94
2011-07-07,51.03,216.74,26.77,135.46
2011-07-08,51.39,218.28,26.92,134.4
2011-07-11,50.57,212.55,26.63,131.96
2011-07-12,50.54,211.23,26.54,131.43
2011-07-13,51.15,213.5,26.63,131.85
2011-07-14,51.11,210.38,26.47,130.94
2011-07-15,52.13,212.87,26.78,131.74
2011-07-18,53.4,211.53,26.59,130.58
2011-07-19,53.84,218.06,27.54,132.78
2011-07-20,55.27,215.55,27.06,132.65
2011-07-21,55.33,213.21,27.1,134.52
2011-07-22,56.19,216.52,27.53,134.61
2011-07-25,56.93,213.49,27.91,133.83
2011-07-26,57.63,214.18,28.08,133.36
2011-07-27,56.08,222.52,27.33,130.6
2011-07-28,55.97,223.9,27.72,130.16
2011-07-29,55.78,222.52,27.4,129.05
2011-08-01,56.68,221.32,27.27,128.71
2011-08-02,55.46,209.64,26.64,125.49
2011-08-03,56.08,209.96,26.92,126.21
2011-08-04,53.91,201.48,25.94,120.18
2011-08-05,53.37,202.7,25.68,119.98
2011-08-08,50.46,193.7,24.48,112.26
2011-08-09,53.43,205.09,25.58,117.37
2011-08-10,51.96,194.13,24.2,112.35
2011-08-11,53.39,198.36,25.19,117.28
2011-08-12,53.86,202.3,25.1,118.15
2011-08-15,54.77,202.95,25.51,120.55
2011-08-16,54.35,197.68,25.35,119.56
2011-08-17,54.35,195.93,25.24,119.67
2011-08-18,52.29,182.52,24.67,114.61
2011-08-19,50.86,178.93,24.05,112.68
2011-08-22,50.92,177.54,23.98,112.73
2011-08-23,53.37,193.55,24.72,116.46
2011-08-24,53.74,193.73,24.9,118.13
2011-08-25,53.39,192.03,24.57,116.31
2011-08-26,54.8,199.27,25.25,118.04
2011-08-29,55.71,206.53,25.84,121.38
2011-08-30,55.71,210.92,26.23,121.62
2011-08-31,54.98,215.23,26.6,122.06
2011-09-01,54.43,212.54,26.21,120.96
2011-09-02,53.44,210.0,25.8,117.84
2011-09-05,,,,
2011-09-06,54.25,216.18,25.51,116.99
2011-09-07,54.85,219.9,26.0,120.27
2011-09-08,54.88,217.26,26.22,119.02
2011-09-09,53.93,211.39,25.74,115.86
2011-09-12,54.28,216.56,25.89,116.66
2011-09-13,54.95,219.53,26.04,117.58
2011-09-14,55.61,222.57,26.5,119.36
2011-09-15,56.14,226.78,26.99,121.47
2011-09-16,57.21,239.3,27.12,121.58
2011-09-19,58.8,241.69,27.21,120.31
2011-09-20,59.06,233.25,26.98,120.17
2011-09-21,58.88,231.87,25.99,116.51
2011-09-22,57.4,223.23,25.06,112.8
2011-09-23,57.76,223.61,25.06,113.54
2011-09-26,57.6,229.85,25.44,116.25
2011-09-27,57.04,224.21,25.67,117.6
2011-09-28,56.72,229.71,25.58,115.16
2011-09-29,55.8,222.44,25.45,116.02
2011-09-30,54.47,216.23,24.89,113.17
2011-10-03,53.51,211.98,24.53,109.93
2011-10-04,53.21,212.5,25.34,112.13
2011-10-05,54.04,219.5,25.89,114.5
2011-10-06,53.91,221.51,26.34,116.51
2011-10-07,52.83,224.74,26.25,115.75
2011-10-10,55.54,231.32,26.94,119.59
2011-10-11,57.18,235.48,27.0,119.68
2011-10-12,57.46,236.81,26.96,120.67
2011-10-13,58.35,236.15,27.18,120.47
2011-10-14,60.29,246.71,27.27,122.56
2011-10-17,60.0,242.33,26.98,120.24
2011-10-18,60.32,243.88,27.31,122.61
2011-10-19,56.95,231.53,27.13,121.14
2011-10-20,56.47,233.61,27.04,121.69
2011-10-21,56.12,234.78,27.16,123.91
2011-10-24,57.97,237.61,27.19,125.49
2011-10-25,56.82,227.15,26.81,123.08
2011-10-26,57.23,198.4,26.59,124.33
2011-10-27,57.81,206.78,27.25,127.43
2011-10-28,57.85,217.32,26.98,128.68
2011-10-31,57.83,213.51,26.63,125.45
2011-11-01,56.64,212.1,25.99,122.08
2011-11-02,56.77,215.62,26.01,123.99
2011-11-03,57.58,218.29,26.53,126.24
2011-11-04,57.18,216.48,26.25,125.45
2011-11-07,57.1,217.0,26.8,126.28
2011-11-08,58.03,217.99,27.16,127.86
2011-11-09,56.47,211.22,26.2,123.19
2011-11-10,55.03,210.79,26.28,124.32
2011-11-11,54.95,217.39,26.91,126.62
2011-11-14,54.18,218.93,26.76,125.46
2011-11-15,55.55,217.83,26.74,126.12
2011-11-16,54.97,211.99,26.07,124.05
2011-11-17,53.92,204.52,25.54,122.18
2011-11-18,53.56,197.14,25.3,121.99
2011-11-21,52.72,189.25,25.0,119.62
2011-11-22,53.79,192.34,24.79,119.19
2011-11-23,52.43,188.99,24.47,116.56
2011-11-24,,,,
2011-11-25,51.94,182.4,24.3,116.2
2011-11-28,53.73,194.15,24.87,119.7
2011-11-29,53.31,188.39,24.84,120.08
2011-11-30,54.6,192.29,25.58,125.11
2011-12-01,55.42,197.13,25.28,124.98
2011-12-02,55.67,196.03,25.22,124.86
2011-12-05,56.14,196.24,25.7,126.21
2011-12-06,55.85,191.99,25.66,126.26
2011-12-07,55.58,195.32,25.6,126.75
2011-12-08,55.81,190.48,25.4,123.98
2011-12-09,56.23,193.03,25.7,126.03
2011-12-12,55.98,189.52,25.51,124.24
2011-12-13,55.54,180.51,25.76,123.11
2011-12-14,54.31,180.21,25.59,121.71
2011-12-15,54.13,181.26,25.56,122.15
2011-12-16,54.43,181.26,26.0,121.57
2011-12-19,54.6,179.33,25.53,120.32
2011-12-20,56.56,182.52,26.02,123.88
2011-12-21,56.64,174.35,25.76,124.17
2011-12-22,56.94,179.03,25.81,125.33
2011-12-23,57.62,177.28,26.03,126.39
2011-12-26,,,,
2011-12-27,58.08,176.27,26.04,126.49
2011-12-28,57.52,173.89,25.82,124.92
2011-12-29,57.87,173.86,26.02,126.1
2011-12-30,57.86,173.1,25.96,125.5
2012-01-02,,,,
2012-01-03,58.75,179.03,26.76,127.49
2012-01-04,59.06,177.51,27.4,127.63
2012-01-05,59.72,177.61,27.68,128.1
2012-01-06,60.34,182.61,28.1,127.82
2012-01-09,60.25,178.56,27.74,127.99
2012-01-10,60.46,179.34,27.84,129.13
2012-01-11,60.36,178.9,27.72,129.25
2012-01-12,60.2,175.93,28.0,129.51
2012-01-13,59.97,178.42,28.25,129.01
2012-01-16,,,,
2012-01-17,60.67,181.66,28.26,129.31
2012-01-18,61.3,189.44,28.23,130.8
2012-01-19,61.11,194.45,28.12,131.48
2012-01-20,60.04,190.93,29.71,131.95
2012-01-23,61.06,186.09,29.73,131.58
2012-01-24,60.06,187.0,29.34,131.46
2012-01-25,63.81,187.8,29.56,132.57
2012-01-26,63.52,193.32,29.5,131.9
2012-01-27,63.9,195.37,29.23,131.73
2012-01-30,64.72,192.15,29.61,131.38
2012-01-31,65.21,194.44,29.53,131.21
2012-02-01,65.17,179.46,29.89,132.47
2012-02-02,65.02,181.72,29.95,
2012-02-03,65.67,187.68,30.24,134.57
2012-02-06,66.28,183.14,30.2,134.46
2012-02-07,66.98,184.19,30.35,134.79
2012-02-08,68.1,185.48,30.66,135.19
2012-02-09,70.45,184.98,30.77,135.34
2012-02-10,70.49,185.54,30.5,134.43
2012-02-13,71.8,191.59,30.58,135.36
2012-02-14,72.78,191.3,30.25,135.19
2012-02-15,71.1,184.47,30.05,134.54
2012-02-16,71.74,179.93,31.28,136.04
2012-02-17,71.73,182.5,31.25,136.41
2012-02-20,,,,
2012-02-21,73.55,182.26,31.44,136.46
2012-02-22,73.29,180.58,31.27,136.02
2012-02-23,73.77,178.89,31.37,136.61
2012-02-24,74.63,179.13,31.48,136.93
2012-02-27,75.11,178.53,31.35,137.16
2012-02-28,76.49,183.8,31.87,137.56
2012-02-29,77.49,179.69,31.74,136.87
2012-03-01,77.78,180.04,32.29,137.77
2012-03-02,77.88,179.3,32.08,137.32
2012-03-05,76.17,180.26,31.8,136.75
2012-03-06,75.75,181.09,31.56,134.67
2012-03-07,75.81,183.77,31.84,135.69
2012-03-08,77.43,187.64,32.01,137.02
2012-03-09,77.88,184.32,31.99,137.57
2012-03-12,78.86,183.39,32.04,137.58
2012-03-13,81.16,184.59,32.67,140.06
2012-03-14,84.23,182.26,32.77,139.91
2012-03-15,83.65,184.43,32.85,140.72
2012-03-16,83.65,185.05,32.6,140.27
2012-03-19,85.87,185.52,32.2,140.88
2012-03-20,86.57,192.33,31.99,140.41
2012-03-21,86.07,191.73,31.91,140.16
2012-03-22,85.62,192.4,32.0,139.16
2012-03-23,85.15,195.04,32.01,139.69
2012-03-26,86.71,202.87,32.59,141.61
2012-03-27,87.78,205.44,32.52,141.13
2012-03-28,88.23,201.16,32.19,140.43
2012-03-29,87.12,204.61,32.12,140.22
2012-03-30,85.65,202.51,32.26,140.72
2012-04-02,88.38,198.05,32.29,141.79
2012-04-03,89.9,199.66,31.94,141.26
2012-04-04,89.19,193.99,31.21,139.84
2012-04-05,90.53,194.39,31.52,139.78
2012-04-06,,,,
2012-04-09,90.89,191.87,31.1,138.23
2012-04-10,89.78,186.98,30.47,135.84
2012-04-11,89.46,187.97,30.34,136.9
2012-04-12,88.97,190.69,30.98,138.85
2012-04-13,86.46,188.46,30.81,137.13
2012-04-16,82.88,185.5,31.08,136.93
2012-04-17,87.1,188.39,31.44,139.09
2012-04-18,86.91,191.07,31.14,138.59
2012-04-19,83.92,191.1,31.01,137.75
2012-04-20,81.85,189.98,32.42,137.95
2012-04-23,81.67,188.24,32.12,136.79
2012-04-24,80.04,190.33,31.92,137.31
2012-04-25,87.14,194.42,32.2,139.24
2012-04-26,86.81,195.99,32.11,140.17
2012-04-27,86.14,226.85,31.98,140.42
2012-04-30,83.43,231.9,32.02,139.77
2012-05-01,83.16,230.04,32.01,140.74
2012-05-02,83.71,230.25,31.8,140.28
2012-05-03,83.12,229.45,31.76,139.25
2012-05-04,80.75,223.99,30.98,136.96
2012-05-07,81.35,225.16,30.65,137.1
2012-05-08,81.17,223.9,30.5,136.5
2012-05-09,81.31,222.98,30.76,135.74
2012-05-10,81.5,226.69,30.74,135.95
2012-05-11,80.96,227.68,31.16,135.56
2012-05-14,79.75,222.93,30.68,134.13
2012-05-15,79.02,224.39,30.21,133.35
2012-05-16,78.01,224.06,29.9,132.88
2012-05-17,75.73,218.36,29.72,130.87
2012-05-18,75.77,213.85,29.27,129.74
2012-05-21,80.18,218.11,29.75,132.02
2012-05-22,79.57,215.33,29.76,132.2
2012-05-23,81.51,217.28,29.11,132.27
2012-05-24,80.76,215.24,29.07,132.53
2012-05-25,80.33,212.89,29.06,132.1
2012-05-28,,,,
2012-05-29,81.75,214.75,29.56,133.7
2012-05-30,82.74,209.23,29.34,131.73
2012-05-31,82.53,212.91,29.19,131.49
2012-06-01,80.14,208.22,28.45,128.16
2012-06-04,80.61,214.57,28.55,128.1
2012-06-05,80.4,213.21,28.5,129.03
2012-06-06,81.64,217.64,29.35,132.02
2012-06-07,81.67,218.8,29.23,132.05
2012-06-08,82.9,218.48,29.65,133.12
2012-06-11,81.6,216.5,28.9,131.45
2012-06-12,82.31,216.42,29.29,133.01
2012-06-13,81.74,214.73,29.13,132.1
2012-06-14,81.65,214.45,29.34,133.57
2012-06-15,82.02,218.35,30.02,133.57
2012-06-18,83.68,222.66,29.84,134.43
2012-06-19,83.92,224.03,30.7,135.69
2012-06-20,83.68,223.02,30.93,135.44
2012-06-21,82.52,220.58,30.14,132.44
2012-06-22,83.16,222.16,30.7,133.42
2012-06-25,81.54,220.07,29.86,131.26
2012-06-26,81.72,225.61,30.02,132.0
2012-06-27,82.07,225.62,30.17,133.17
2012-06-28,81.29,221.31,29.91,132.79
2012-06-29,83.43,228.35,30.59,136.27
2012-07-02,84.65,229.32,30.56,136.46
2012-07-03,85.63,229.53,30.76,137.47
2012-07-04,,,,
2012-07-05,87.13,227.06,30.7,136.84
2012-07-06,86.55,225.05,30.18,135.59
2012-07-09,87.7,225.05,30.0,135.32
2012-07-10,86.89,219.5,29.74,134.14
2012-07-11,86.35,218.37,29.3,134.16
2012-07-12,85.56,215.36,28.63,133.51
2012-07-13,86.42,218.39,29.39,135.75
2012-07-16,86.7,216.01,29.44,135.39
2012-07-17,86.71,216.93,29.66,136.36
2012-07-18,86.61,217.47,30.45,137.41
2012-07-19,87.76,226.17,30.66,137.74
2012-07-20,86.33,228.29,30.12,136.47
2012-07-23,86.26,226.01,29.28,135.09
2012-07-24,85.85,223.04,29.15,134.03
2012-07-25,82.14,217.05,28.83,133.95
2012-07-26,82.13,220.01,29.16,136.17
2012-07-27,83.59,237.32,29.76,138.8
2012-07-30,85.0,236.09,29.64,138.68
2012-07-31,87.25,233.3,29.47,137.71
2012-08-01,86.69,232.09,29.41,137.59
2012-08-02,86.83,230.81,29.19,136.64
2012-08-03,87.96,234.97,29.75,139.39
2012-08-06,88.94,233.99,29.95,139.62
2012-08-07,88.7,236.56,30.26,140.32
2012-08-08,88.55,234.38,30.33,140.49
2012-08-09,88.68,234.06,30.5,140.63
2012-08-10,88.81,232.75,30.42,140.84
2012-08-13,90.0,232.44,30.39,140.77
2012-08-14,90.24,233.19,30.13,140.79
2012-08-15,90.12,237.42,30.2,140.95
2012-08-16,90.91,241.55,30.78,142.01
2012-08-17,92.59,241.17,30.9,142.22
2012-08-20,95.02,240.35,30.74,142.22
2012-08-21,93.72,239.45,30.8,141.76
2012-08-22,95.55,243.1,30.54,141.82
2012-08-23,94.66,241.2,30.26,140.68
2012-08-24,94.75,245.74,30.56,141.52
2012-08-27,96.53,243.92,30.69,141.54
2012-08-28,96.4,246.11,30.63,141.4
2012-08-29,96.21,247.12,30.65,141.51
2012-08-30,94.84,246.22,30.32,140.49
2012-08-31,95.03,248.27,30.82,141.24
2012-09-03,,,,
2012-09-04,96.42,247.88,30.38,140.87
2012-09-05,95.75,246.22,30.39,140.94
2012-09-06,96.61,251.38,31.34,143.78
2012-09-07,97.21,259.14,30.95,144.39
2012-09-10,94.68,257.09,30.72,143.51
2012-09-11,94.37,255.67,30.79,143.89
2012-09-12,95.68,255.63,30.78,144.39
2012-09-13,97.57,260.24,30.94,146.7
2012-09-14,98.75,261.27,31.21,147.24
2012-09-17,99.97,258.0,31.21,146.74
2012-09-18,100.27,258.75,31.18,146.62
2012-09-19,100.3,261.68,31.05,146.74
2012-09-20,99.81,260.81,31.45,146.75
2012-09-21,100.01,257.47,31.19,145.89
2012-09-24,98.68,254.8,30.78,145.59
2012-09-25,96.22,252.46,30.39,144.19
2012-09-26,95.03,249.67,30.16,143.29
2012-09-27,97.33,256.59,30.16,144.72
2012-09-28,95.3,254.32,29.76,143.93
2012-10-01,94.2,252.01,29.49,144.24
2012-10-02,94.47,250.6,29.66,144.5
2012-10-03,95.92,255.92,29.86,145.07
2012-10-04,95.26,260.47,30.03,146.27
2012-10-05,93.23,258.51,29.85,146.13
2012-10-08,91.17,259.06,29.78,145.66
2012-10-09,90.84,250.96,29.28,144.25
2012-10-10,91.56,244.99,28.98,143.28
2012-10-11,89.7,244.22,28.95,143.36
2012-10-12,89.96,242.36,29.2,142.84
2012-10-15,90.68,244.18,29.51,144.01
2012-10-16,92.83,243.94,29.49,145.58
2012-10-17,92.09,247.49,29.59,146.16
2012-10-18,90.38,244.85,29.5,145.86
2012-10-19,87.12,240.0,28.64,143.3
2012-10-22,90.58,233.78,28.0,143.41
2012-10-23,87.62,234.31,28.05,141.35
2012-10-24,88.12,228.49,27.9,141.05
2012-10-25,87.08,222.92,27.88,141.43
2012-10-26,86.29,238.24,28.21,141.35
2012-10-29,,,,
2012-10-30,,,,
2012-10-31,85.05,232.89,28.54,141.18
2012-11-01,85.22,232.14,29.52,142.91
2012-11-02,82.4,232.42,29.5,141.56
2012-11-05,83.52,234.33,29.63,141.9
2012-11-06,83.26,237.56,29.86,142.93
2012-11-07,79.71,232.06,29.08,139.78
2012-11-08,76.82,227.35,28.81,137.95
2012-11-09,78.15,226.31,28.83,138.16
2012-11-12,77.55,226.47,28.22,138.24
2012-11-13,77.56,226.6,27.09,137.8
2012-11-14,76.7,222.95,26.84,135.98
2012-11-15,75.09,220.6,26.66,135.7
2012-11-16,75.38,225.23,26.52,136.35
2012-11-19,80.82,229.71,26.73,139.15
2012-11-20,80.13,233.78,26.71,139.28
2012-11-21,80.24,238.03,26.95,139.45
2012-11-22,,,,
2012-11-23,81.64,239.88,27.7,141.35
2012-11-26,84.22,243.62,27.38,141.05
2012-11-27,83.54,243.4,27.08,140.33
2012-11-28,83.28,247.11,27.36,141.46
2012-11-29,84.19,251.27,26.95,142.12
2012-11-30,83.61,252.05,26.62,142.16
2012-12-03,83.74,250.33,26.43,141.45
2012-12-04,82.26,252.49,26.37,141.25
2012-12-05,76.97,253.96,26.67,141.5
2012-12-06,78.18,253.37,26.72,141.98
2012-12-07,76.18,253.27,26.46,142.42
2012-12-10,75.69,247.77,26.94,142.47
2012-12-11,77.34,250.69,27.32,143.44
2012-12-12,77.0,251.76,27.24,143.51
2012-12-13,75.67,251.25,27.11,142.63
2012-12-14,72.83,249.19,26.81,142.11
2012-12-17,74.12,253.86,27.1,143.77
2012-12-18,76.27,260.4,27.56,145.37
2012-12-19,75.19,257.99,27.31,144.29
2012-12-20,74.53,261.5,27.68,145.12
2012-12-21,74.19,256.92,27.45,142.79
2012-12-24,74.31,258.62,27.06,142.35
2012-12-25,,,,
2012-12-26,73.29,248.63,26.86,141.75
2012-12-27,73.58,248.31,26.96,141.56
2012-12-28,72.8,245.18,26.55,140.03
2012-12-31,76.02,250.87,26.71,142.41
2013-01-01,,,,
2013-01-02,78.43,257.31,27.62,146.06
2013-01-03,77.44,258.48,27.25,145.73
2013-01-04,75.29,259.15,26.74,146.37
2013-01-07,74.8,268.46,26.69,145.97
2013-01-08,75.04,266.38,26.55,145.55
2013-01-09,73.87,266.35,26.7,145.92
2013-01-10,74.79,265.34,26.46,147.08
2013-01-11,74.33,267.94,26.83,147.07
2013-01-14,71.68,272.73,26.89,146.97
2013-01-15,69.42,271.9,27.21,147.07
2013-01-16,72.3,268.93,27.04,147.05
2013-01-17,71.81,270.48,27.25,148.0
2013-01-18,71.43,272.12,27.25,148.33
2013-01-21,,,,
2013-01-22,72.11,270.19,27.15,149.13
2013-01-23,73.43,268.11,27.61,149.37
2013-01-24,64.36,273.62,27.63,149.41
2013-01-25,62.84,283.99,27.88,150.25
2013-01-28,64.26,276.04,27.91,150.07
2013-01-29,65.47,260.35,28.01,150.66
2013-01-30,65.26,272.76,27.85,150.07
2013-01-31,65.07,265.5,27.45,149.7
2013-02-01,64.8,265.0,27.93,151.24
2013-02-04,63.19,259.98,27.44,149.54
2013-02-05,65.41,266.89,27.5,151.05
2013-02-06,65.34,262.22,27.34,151.16
2013-02-07,66.89,260.23,27.28,150.96
2013-02-08,67.85,261.95,27.55,151.8
2013-02-11,68.56,257.21,27.86,151.77
2013-02-12,66.84,258.7,27.88,152.02
2013-02-13,66.72,269.47,28.03,152.15
2013-02-14,66.66,269.24,28.04,152.29
2013-02-15,65.74,265.09,28.01,152.11
2013-02-18,,,,
2013-02-19,65.71,269.75,28.04,153.25
2013-02-20,64.12,266.41,27.87,151.34
2013-02-21,63.72,265.94,27.49,150.42
2013-02-22,64.4,265.42,27.76,151.89
2013-02-25,63.26,259.87,27.37,149.0
2013-02-26,64.14,259.36,27.37,150.02
2013-02-27,63.51,263.25,27.81,151.91
2013-02-28,63.06,264.27,27.8,151.61
2013-03-01,61.5,265.74,27.95,152.11
2013-03-04,60.01,273.11,28.15,152.92
2013-03-05,61.59,275.59,28.35,154.29
2013-03-06,60.81,273.79,28.09,154.5
2013-03-07,61.51,273.88,28.14,154.78
2013-03-08,61.67,274.19,28.0,155.44
2013-03-11,62.55,271.24,27.87,156.03
2013-03-12,61.2,274.13,27.91,155.68
2013-03-13,61.19,275.1,27.92,155.9
2013-03-14,61.79,265.74,28.14,156.73
2013-03-15,63.38,261.82,28.04,155.83
2013-03-18,65.1,257.89,28.1,154.97
2013-03-19,64.93,256.41,28.18,154.61
2013-03-20,64.58,257.28,28.32,155.69
2013-03-21,64.68,253.39,28.11,154.36
2013-03-22,65.99,257.75,28.25,155.6
2013-03-25,66.23,256.02,28.16,154.95
2013-03-26,65.88,260.31,28.16,156.19
2013-03-27,64.58,265.3,28.37,156.19
2013-03-28,63.24,266.49,28.6,156.67
2013-03-29,,,,
2013-04-01,61.27,261.61,28.61,156.05
2013-04-02,61.4,263.32,28.8,156.82
2013-04-03,61.71,259.03,28.56,155.23
2013-04-04,61.1,259.08,28.6,155.86
2013-04-05,60.46,255.48,28.7,155.16
2013-04-08,60.89,258.95,28.59,156.21
2013-04-09,61.0,261.14,29.61,156.75
2013-04-10,62.24,264.77,30.28,158.67
2013-04-11,62.05,269.85,28.94,159.19
2013-04-12,61.4,272.87,28.79,158.8
2013-04-15,59.98,267.72,28.69,155.12
2013-04-16,60.89,272.34,28.97,157.41
2013-04-17,57.54,267.4,28.82,155.11
2013-04-18,56.01,259.42,28.79,154.14
2013-04-19,55.79,260.32,29.76,155.48
2013-04-22,56.95,263.55,30.83,156.17
2013-04-23,58.02,268.9,30.6,157.78
2013-04-24,57.92,268.78,31.76,157.88
2013-04-25,58.34,274.7,31.94,158.52
2013-04-26,59.6,254.81,31.79,158.24
2013-04-29,61.45,249.74,32.61,159.3
2013-04-30,63.25,253.81,33.1,159.68
2013-05-01,62.76,248.23,32.72,158.28
2013-05-02,63.65,252.55,33.16,159.75
2013-05-03,64.28,258.05,33.49,161.37
2013-05-06,65.82,255.72,33.75,161.78
2013-05-07,65.52,257.73,33.31,162.6
2013-05-08,66.26,258.68,32.99,163.34
2013-05-09,65.25,260.16,32.66,162.88
2013-05-10,64.71,263.63,32.69,163.41
2013-05-13,64.96,264.51,33.03,163.54
2013-05-14,63.41,268.33,33.53,165.23
2013-05-15,61.26,266.56,33.84,166.12
2013-05-16,62.08,264.12,34.08,165.34
2013-05-17,61.89,269.9,34.87,166.94
2013-05-20,63.28,267.63,35.08,166.93
2013-05-21,62.81,268.86,34.85,167.17
2013-05-22,63.05,262.96,34.61,165.93
2013-05-23,63.16,261.8,34.15,165.45
2013-05-24,63.59,261.74,34.27,165.31
2013-05-27,,,,
2013-05-28,63.06,267.29,35.02,166.3
2013-05-29,63.56,265.53,34.88,165.22
2013-05-30,64.51,266.83,35.03,165.83
2013-05-31,64.25,269.2,34.9,163.44
2013-06-03,64.39,266.88,35.59,164.35
2013-06-04,64.19,265.7,34.99,163.56
2013-06-05,63.59,267.17,34.78,161.27
2013-06-06,62.64,267.83,34.96,162.73
2013-06-07,63.12,276.87,35.67,164.8
2013-06-10,62.7,281.07,35.47,164.8
2013-06-11,62.51,274.78,34.84,163.1
2013-06-12,61.74,271.67,35.0,161.75
2013-06-13,62.28,275.79,34.72,164.21
2013-06-14,61.44,273.99,34.4,163.18
2013-06-17,61.71,278.06,35.0,164.44
2013-06-18,61.68,281.76,34.98,165.74
2013-06-19,60.43,278.16,34.59,163.45
2013-06-20,59.55,273.44,33.49,159.4
2013-06-21,59.07,273.36,33.26,159.07
2013-06-24,57.51,270.61,33.72,157.06
2013-06-25,57.52,272.09,33.67,158.58
2013-06-26,56.87,277.57,34.35,160.14
2013-06-27,56.25,277.55,34.62,161.08
2013-06-28,56.65,277.69,34.54,160.42
2013-07-01,58.46,282.1,34.36,161.36
2013-07-02,59.78,283.73,33.94,161.21
2013-07-03,60.11,284.03,34.01,161.28
2013-07-04,,,,
2013-07-05,59.63,285.88,34.21,163.02
2013-07-08,59.29,290.59,34.32,163.94
2013-07-09,60.34,291.53,34.35,165.13
2013-07-10,60.1,292.33,34.7,165.19
2013-07-11,61.04,299.66,35.68,167.44
2013-07-12,60.93,307.55,35.67,167.51
2013-07-15,61.06,306.57,36.17,168.16
2013-07-16,61.46,306.87,36.27,167.52
2013-07-17,61.47,308.69,35.74,167.95
2013-07-18,61.68,304.11,35.44,168.87
2013-07-19,60.71,305.23,31.4,169.17
2013-07-22,60.9,303.48,32.01,169.5
2013-07-23,59.86,301.06,31.82,169.14
2013-07-24,62.93,298.94,31.96,168.52
2013-07-25,62.64,303.4,31.39,168.93
2013-07-26,63.0,312.01,31.62,169.11
2013-07-29,63.97,306.1,31.54,168.59
2013-07-30,64.76,302.41,31.85,168.59
2013-07-31,64.65,301.22,31.84,168.71
2013-08-01,65.24,305.57,31.67,170.66
2013-08-02,66.08,304.21,31.89,170.95
2013-08-05,67.06,300.99,31.7,170.7
2013-08-06,66.46,300.75,31.58,169.73
2013-08-07,66.43,296.91,32.06,169.18
2013-08-08,65.86,295.74,32.89,169.8
2013-08-09,64.92,297.26,32.7,169.31
2013-08-12,66.77,296.69,32.87,169.11
2013-08-13,69.94,293.97,32.23,169.61
2013-08-14,71.21,291.34,32.35,168.74
2013-08-15,71.13,286.47,31.79,166.38
2013-08-16,71.76,284.82,31.8,165.83
2013-08-19,72.53,285.57,31.39,164.77
2013-08-20,71.58,287.09,31.62,165.58
2013-08-21,71.77,284.57,31.61,164.56
2013-08-22,71.85,289.73,32.39,166.06
2013-08-23,71.57,290.01,34.75,166.62
2013-08-26,71.85,286.21,34.15,166.0
2013-08-27,69.8,280.93,33.26,163.33
2013-08-28,70.13,281.58,33.02,163.91
2013-08-29,70.24,283.98,33.55,164.17
2013-08-30,69.6,280.98,33.4,163.65
2013-09-02,,,,
2013-09-03,69.8,288.8,31.88,164.39
2013-09-04,71.24,293.64,31.2,165.75
2013-09-05,70.75,294.1,31.24,165.96
2013-09-06,71.17,295.86,31.15,166.04
2013-09-09,72.31,299.71,31.66,167.63
2013-09-10,70.66,300.36,32.39,168.87
2013-09-11,66.82,299.64,32.74,169.4
2013-09-12,67.53,298.86,32.69,168.95
2013-09-13,66.41,297.92,33.03,169.33
2013-09-16,64.3,296.06,32.8,170.31
2013-09-17,65.05,304.17,32.93,171.07
2013-09-18,66.38,312.03,33.32,173.05
2013-09-19,67.47,312.06,33.64,172.76
2013-09-20,66.77,316.34,32.79,170.72
2013-09-23,70.09,311.49,32.74,169.93
2013-09-24,69.87,314.13,32.46,169.53
2013-09-25,68.79,312.65,32.5,169.04
2013-09-26,69.46,318.12,32.77,169.69
2013-09-27,68.96,316.01,33.27,168.91
2013-09-30,68.11,312.64,33.28,168.01
2013-10-01,69.71,320.95,33.58,169.34
2013-10-02,69.94,320.51,33.92,169.18
2013-10-03,69.06,314.76,33.86,167.62
2013-10-04,69.0,319.04,33.88,168.89
2013-10-07,69.68,310.03,33.3,167.43
2013-10-08,68.71,303.23,33.01,165.48
2013-10-09,69.51,298.23,33.07,165.6
2013-10-10,69.95,305.17,33.76,169.17
2013-10-11,70.4,310.89,34.13,170.26
2013-10-14,70.86,310.7,34.45,170.94
2013-10-15,71.24,306.4,34.49,169.7
2013-10-16,71.59,310.49,34.64,172.07
2013-10-17,72.07,310.77,34.92,173.22
2013-10-18,72.7,328.93,34.96,174.39
2013-10-21,74.48,326.44,34.99,174.4
2013-10-22,74.27,332.54,34.58,175.41
2013-10-23,74.99,326.76,33.76,174.57
2013-10-24,75.99,332.21,33.72,175.15
2013-10-25,75.14,363.39,35.73,175.95
2013-10-28,75.7,358.16,35.57,176.23
2013-10-29,73.81,362.7,35.52,177.17
2013-10-30,74.98,361.08,35.54,176.29
2013-10-31,74.67,364.03,35.4,175.79
2013-11-01,74.29,359.0,35.52,176.21
2013-11-04,75.25,358.74,35.94,176.83
2013-11-05,75.06,358.89,36.64,176.27
2013-11-06,74.42,356.18,38.18,177.17
2013-11-07,73.21,343.56,37.5,174.93
2013-11-08,74.37,350.31,37.78,177.29
2013-11-11,74.15,354.38,37.59,177.32
2013-11-12,74.29,349.53,37.36,176.96
2013-11-13,74.38,356.22,38.16,178.38
2013-11-14,75.45,367.4,38.02,179.27
2013-11-15,75.0,369.17,37.84,180.05
2013-11-18,74.09,366.18,37.2,179.42
2013-11-19,74.22,364.94,36.74,179.03
2013-11-20,73.57,362.57,37.08,178.47
2013-11-21,74.45,368.92,37.4,179.91
2013-11-22,74.26,372.31,37.57,180.81
2013-11-25,74.82,376.64,37.64,180.63
2013-11-26,76.2,381.37,37.35,180.68
2013-11-27,77.99,386.71,37.6,181.12
2013-11-28,,,,
2013-11-29,79.44,393.62,38.13,181.0
2013-12-02,78.75,392.3,38.45,180.53
2013-12-03,80.9,384.66,38.31,179.75
2013-12-04,80.71,385.96,38.94,179.73
2013-12-05,81.13,384.49,38.0,178.94
2013-12-06,80.0,386.95,38.36,180.94
2013-12-09,80.92,384.89,38.7,181.4
2013-12-10,80.79,387.78,38.11,180.75
2013-12-11,80.19,382.19,37.61,178.72
2013-12-12,80.08,381.25,37.22,178.13
2013-12-13,79.2,384.24,36.69,178.11
2013-12-16,79.64,388.97,36.88,179.22
2013-12-17,79.28,387.65,36.52,178.65
2013-12-18,78.68,395.96,36.58,181.7
2013-12-19,77.78,395.19,36.25,181.49
2013-12-20,78.43,402.2,36.8,181.56
2013-12-23,81.44,402.92,36.62,182.53
2013-12-24,81.1,399.2,37.08,182.93
2013-12-25,,,,
2013-12-26,80.56,404.39,37.44,183.86
2013-12-27,80.01,398.08,37.29,183.84
2013-12-30,79.22,393.37,37.29,183.82
2013-12-31,80.15,398.79,37.41,184.69
2014-01-01,,,,
2014-01-02,79.02,397.97,37.16,182.92
2014-01-03,77.28,396.44,36.91,182.88
2014-01-06,77.7,393.63,36.13,182.36
2014-01-07,77.15,398.03,36.41,183.48
2014-01-08,77.64,401.92,35.76,183.52
2014-01-09,76.65,401.01,35.53,183.64
2014-01-10,76.13,397.66,36.04,184.14
2014-01-13,76.53,390.98,34.98,181.68
2014-01-14,78.06,397.54,35.78,183.67
2014-01-15,79.62,395.87,36.76,184.66
2014-01-16,79.18,395.8,36.89,184.42
2014-01-17,77.24,399.61,36.38,183.64
2014-01-20,,,,
2014-01-21,78.44,407.05,36.17,184.18
2014-01-22,78.79,404.54,35.93,184.3
2014-01-23,79.45,399.87,36.06,182.79
2014-01-24,78.01,387.6,36.8,178.89
2014-01-27,78.64,386.28,36.03,178.01
2014-01-28,72.36,394.43,36.27,179.07
2014-01-29,71.54,384.2,36.66,177.35
2014-01-30,71.4,403.01,36.86,179.23
2014-01-31,71.51,358.69,37.84,178.18
2014-02-03,71.65,346.15,36.48,174.17
2014-02-04,72.68,347.95,36.35,175.38
2014-02-05,73.23,346.45,35.82,175.17
2014-02-06,73.22,354.59,36.18,177.48
2014-02-07,74.24,361.08,36.56,179.68
2014-02-10,75.57,360.87,36.8,180.01
2014-02-11,76.57,361.79,37.18,181.98
2014-02-12,76.56,349.25,37.47,182.07
2014-02-13,77.78,357.2,37.61,183.01
2014-02-14,77.71,357.35,37.62,184.02
2014-02-17,,,,
2014-02-18,78.0,353.65,37.42,184.24
2014-02-19,76.77,347.38,37.51,183.02
2014-02-20,75.88,349.8,37.75,184.1
2014-02-21,75.04,346.76,37.98,183.89
2014-02-24,75.36,351.78,37.69,184.91
2014-02-25,74.58,358.32,37.54,184.84
2014-02-26,73.91,359.8,37.47,184.85
2014-02-27,75.38,360.13,37.86,185.82
2014-02-28,75.18,362.1,38.31,186.29
2014-03-03,75.39,359.78,37.78,184.98
2014-03-04,75.89,363.9,38.41,187.58
2014-03-05,76.05,372.37,38.11,187.75
2014-03-06,75.82,372.16,38.15,188.18
2014-03-07,75.78,372.06,37.9,188.26
2014-03-10,75.85,370.53,37.82,188.16
2014-03-11,76.58,368.82,38.02,187.23
2014-03-12,76.66,370.64,38.27,187.28
2014-03-13,75.81,371.51,37.89,185.18
2014-03-14,74.96,373.74,37.7,184.66
2014-03-17,75.25,375.04,38.05,186.33
2014-03-18,75.91,378.77,39.55,187.66
2014-03-19,75.89,373.23,39.27,186.66
2014-03-20,75.53,368.97,40.33,187.75
2014-03-21,76.12,360.62,40.16,186.2
2014-03-24,77.03,351.85,40.5,185.43
2014-03-25,77.86,354.71,40.34,186.31
2014-03-26,77.11,343.41,39.79,184.97
2014-03-27,76.78,338.47,39.36,184.58
2014-03-28,76.69,338.29,40.3,185.49
2014-03-31,76.68,336.36,40.99,187.01
2014-04-01,77.38,342.99,41.42,188.25
2014-04-02,77.51,341.96,41.35,188.88
2014-04-03,76.97,333.62,41.01,188.63
2014-04-04,75.97,323.0,39.87,186.4
2014-04-07,74.78,317.76,39.8,184.34
2014-04-08,74.78,327.07,39.82,185.1
2014-04-09,75.76,331.8,40.47,187.09
2014-04-10,74.78,317.11,39.36,183.16
2014-04-11,74.23,311.73,39.21,181.51
2014-04-14,74.53,315.91,39.18,182.94
2014-04-15,73.99,316.08,39.75,184.2
2014-04-16,74.14,323.68,40.4,186.12
2014-04-17,74.99,324.91,40.01,186.39
2014-04-18,,,,
2014-04-21,75.88,330.87,39.94,187.04
2014-04-22,75.96,329.32,39.99,187.89
2014-04-23,74.96,324.58,39.69,187.45
2014-04-24,81.11,337.15,39.86,187.83
2014-04-25,81.71,303.83,39.91,186.29
2014-04-28,84.87,296.58,40.87,186.88
2014-04-29,84.62,300.38,40.51,187.75
2014-04-30,84.3,304.13,40.4,188.31
2014-05-01,84.5,307.89,40.0,188.32
2014-05-02,84.65,308.01,39.69,188.06
2014-05-05,85.85,310.05,39.43,188.42
2014-05-06,84.92,297.38,39.06,186.78
2014-05-07,84.62,292.71,39.42,187.88
2014-05-08,84.0,288.32,39.64,187.68
2014-05-09,83.65,292.24,39.54,187.96
2014-05-12,84.69,302.86,39.97,189.78
2014-05-13,84.82,304.64,40.42,189.96
2014-05-14,84.84,297.62,40.24,189.06
2014-05-15,84.12,295.19,39.6,187.4
2014-05-16,85.36,297.7,39.83,188.05
2014-05-19,86.37,296.76,39.75,188.74
2014-05-20,86.39,301.19,39.68,187.55
2014-05-21,86.62,305.01,40.35,189.13
2014-05-22,86.75,304.91,40.1,189.59
2014-05-23,87.73,312.24,40.12,190.35
2014-05-26,,,,
2014-05-27,89.38,310.82,40.19,191.52
2014-05-28,89.14,310.16,40.01,191.38
2014-05-29,90.77,313.78,40.34,192.37
2014-05-30,90.43,312.55,40.94,192.68
2014-06-02,89.81,308.84,40.79,192.9
2014-06-03,91.08,307.19,40.29,192.8
2014-06-04,92.12,306.78,40.32,193.19
2014-06-05,92.48,323.57,41.21,194.45
2014-06-06,92.22,329.67,41.48,195.38
2014-06-09,93.7,327.5,41.27,195.58
2014-06-10,94.25,332.41,41.11,195.6
2014-06-11,93.86,335.2,40.86,194.92
2014-06-12,92.29,325.91,40.58,193.54
2014-06-13,91.28,326.27,41.23,194.13
2014-06-16,92.2,327.62,41.5,194.29
2014-06-17,92.08,325.62,41.68,194.83
2014-06-18,92.18,334.38,41.65,196.26
2014-06-19,91.86,327.0,41.51,196.48
2014-06-20,90.91,324.2,41.68,195.94
2014-06-23,90.83,327.24,41.99,195.88
2014-06-24,90.28,324.16,41.74,194.7
2014-06-25,90.36,327.44,42.03,195.58
2014-06-26,90.9,325.69,41.72,195.44
2014-06-27,91.98,324.57,42.25,195.82
2014-06-30,92.93,324.78,41.7,195.72
2014-07-01,93.52,332.39,41.87,197.03
2014-07-02,93.48,332.85,41.9,197.23
2014-07-03,94.03,337.49,41.8,198.2
2014-07-04,,,,
2014-07-07,95.97,333.55,41.99,197.51
2014-07-08,95.35,323.81,41.78,196.24
2014-07-09,95.39,329.97,41.67,197.12
2014-07-10,95.04,327.92,41.68,196.34
2014-07-11,95.22,346.2,42.09,196.61
2014-07-14,96.45,355.32,42.14,197.6
2014-07-15,95.32,354.44,42.45,197.23
2014-07-16,94.78,355.9,44.08,197.96
2014-07-17,93.09,352.45,44.53,195.71
2014-07-18,94.43,358.66,44.69,197.71
2014-07-21,93.94,359.76,44.84,197.34
2014-07-22,94.72,360.84,44.83,198.2
2014-07-23,97.19,358.14,44.87,198.64
2014-07-24,97.03,358.61,44.4,198.65
2014-07-25,97.67,324.01,44.5,197.72
2014-07-28,99.02,320.41,43.97,197.8
2014-07-29,98.38,320.0,43.88,196.95
2014-07-30,98.15,322.51,43.58,196.98
2014-07-31,95.6,312.99,43.16,193.09
2014-08-01,96.13,307.06,42.86,192.5
2014-08-04,95.59,313.65,43.37,193.89
2014-08-05,95.12,312.32,43.08,192.01
2014-08-06,94.96,313.89,42.74,192.07
2014-08-07,94.48,311.45,43.23,191.03
2014-08-08,94.74,316.8,43.2,193.24
2014-08-11,95.99,318.33,43.2,193.8
2014-08-12,95.97,319.32,43.52,193.53
2014-08-13,97.24,326.28,44.08,194.84
2014-08-14,97.5,333.21,44.27,195.76
2014-08-15,97.98,333.63,44.79,195.72
2014-08-18,99.16,334.53,45.11,197.36
2014-08-19,100.53,335.13,45.33,198.39
2014-08-20,100.57,335.78,44.95,198.92
2014-08-21,100.58,332.91,45.22,199.5
2014-08-22,101.32,331.59,45.15,199.19
2014-08-25,101.54,334.02,45.17,200.2
2014-08-26,100.89,341.83,45.0,200.33
2014-08-27,102.13,343.18,44.87,200.25
2014-08-28,102.25,340.02,44.88,200.14
2014-08-29,102.5,339.04,45.43,200.71
2014-09-01,,,,
2014-09-02,103.3,342.38,45.09,200.61
2014-09-03,98.94,339.0,44.96,200.5
2014-09-04,98.12,345.95,45.26,200.21
2014-09-05,98.97,346.38,45.91,201.11
2014-09-08,98.36,342.34,46.47,200.59
2014-09-09,97.99,329.75,46.76,199.32
2014-09-10,101.0,331.33,46.84,200.07
2014-09-11,101.43,330.52,47.0,200.3
2014-09-12,101.66,331.19,46.7,199.13
2014-09-15,101.63,323.89,46.24,198.98
2014-09-16,100.86,327.76,46.76,200.48
2014-09-17,101.58,324.0,46.52,200.75
2014-09-18,101.79,325.0,46.68,201.82
2014-09-19,100.96,331.32,47.52,200.7
2014-09-22,101.06,324.5,47.06,199.15
2014-09-23,102.64,323.63,46.56,198.01
2014-09-24,101.75,328.21,47.08,199.56
2014-09-25,97.87,321.93,46.04,196.34
2014-09-26,100.75,323.21,46.41,197.9
2014-09-29,100.11,321.82,46.44,197.54
2014-09-30,100.75,322.44,46.36,197.02
2014-10-01,99.18,317.46,45.9,194.35
2014-10-02,99.9,318.41,45.76,194.38
2014-10-03,99.62,322.74,46.09,196.52
2014-10-06,99.62,322.2,46.09,196.29
2014-10-07,98.75,316.98,45.53,193.26
2014-10-08,100.8,322.7,46.78,196.64
2014-10-09,101.02,315.37,45.85,192.74
2014-10-10,100.73,311.39,44.03,190.54
2014-10-13,99.81,306.45,43.65,187.41
2014-10-14,98.75,308.31,43.73,187.7
2014-10-15,97.54,305.97,43.22,186.43
2014-10-16,96.26,302.86,42.74,186.27
2014-10-17,97.67,303.64,43.63,188.47
2014-10-20,99.76,306.21,44.08,190.3
2014-10-21,102.47,315.33,44.88,194.07
2014-10-22,102.99,312.97,44.38,192.69
2014-10-23,104.83,313.18,45.02,194.93
2014-10-24,105.22,287.06,46.13,196.43
2014-10-27,105.11,289.97,45.91,196.16
2014-10-28,106.74,295.59,46.49,198.41
2014-10-29,107.34,294.12,46.62,198.11
2014-10-30,106.98,299.07,46.05,199.38
2014-10-31,108.0,305.46,46.95,201.66
2014-11-03,109.4,305.72,47.44,201.77
2014-11-04,108.6,302.81,47.57,201.07
2014-11-05,108.86,296.52,47.86,202.34
2014-11-06,108.7,296.64,48.7,203.15
2014-11-07,109.01,299.86,48.68,203.34
2014-11-10,108.83,305.11,48.89,203.98
2014-11-11,109.7,312.01,48.87,204.18
2014-11-12,111.25,311.51,48.78,203.96
2014-11-13,112.82,316.48,49.61,204.19
2014-11-14,114.18,327.82,49.58,204.24
2014-11-17,113.99,323.05,49.46,204.37
2014-11-18,115.47,324.93,48.74,205.55
2014-11-19,114.67,326.54,48.22,205.22
2014-11-20,116.31,330.54,48.7,205.58
2014-11-21,116.47,332.63,47.98,206.68
2014-11-24,118.62,335.64,47.59,207.26
2014-11-25,117.6,335.04,47.47,207.11
2014-11-26,119.0,333.57,47.75,207.64
2014-11-27,,,,
2014-11-28,118.93,338.64,47.81,207.2
2014-12-01,115.07,326.0,48.62,205.76
2014-12-02,114.63,326.31,48.46,207.08
2014-12-03,115.93,316.5,48.08,207.89
2014-12-04,115.49,316.93,48.84,207.66
2014-12-05,115.0,312.63,48.42,208.0
2014-12-08,112.4,306.64,47.7,206.61
2014-12-09,114.12,312.5,47.59,206.47
2014-12-10,111.95,305.84,46.9,203.16
2014-12-11,111.62,307.36,47.17,204.19
2014-12-12,109.73,307.32,46.95,200.89
2014-12-15,108.22,306.07,46.67,199.51
2014-12-16,106.74,295.06,45.16,197.91
2014-12-17,109.41,298.88,45.74,201.79
2014-12-18,112.65,297.73,47.52,206.78
2014-12-19,111.78,299.9,47.66,206.52
2014-12-22,112.94,306.54,47.98,207.47
2014-12-23,112.54,306.28,48.45,207.75
2014-12-24,112.01,303.03,48.14,207.77
2014-12-25,,,,
2014-12-26,113.99,309.09,47.88,208.44
2014-12-29,113.91,312.04,47.45,208.72
2014-12-30,112.52,310.3,47.02,207.6
2014-12-31,110.38,310.35,46.45,205.54
2015-01-01,,,,
2015-01-02,109.33,308.52,46.76,205.43
2015-01-05,106.25,302.19,46.32,201.72
2015-01-06,106.26,295.29,45.65,199.82
2015-01-07,107.75,298.42,46.23,202.31
2015-01-08,111.89,300.46,47.59,205.9
2015-01-09,112.01,296.93,47.19,204.25
2015-01-12,109.25,291.41,46.6,202.65
2015-01-13,110.22,294.74,46.36,202.08
2015-01-14,109.8,293.27,45.96,200.86
2015-01-15,106.82,286.95,45.48,199.02
2015-01-16,105.99,290.74,46.24,201.63
2015-01-19,,,,
2015-01-20,108.72,289.44,46.39,202.06
2015-01-21,109.55,297.25,45.92,203.08
2015-01-22,112.4,310.32,47.13,206.1
2015-01-23,112.98,312.39,47.18,204.97
2015-01-26,113.1,309.66,47.01,205.45
2015-01-27,109.14,306.75,42.66,202.74
2015-01-28,115.31,303.91,41.19,200.14
2015-01-29,118.9,311.78,42.01,201.99
2015-01-30,117.16,354.53,40.4,199.45
2015-02-02,118.63,364.47,41.28,201.92
2015-02-03,118.65,363.55,41.6,204.84
2015-02-04,119.56,364.75,41.84,204.06
2015-02-05,119.94,373.89,42.45,206.12
2015-02-06,118.93,374.28,42.41,205.55
2015-02-09,119.72,370.56,42.36,204.63
2015-02-10,122.02,373.0,42.6,206.81
2015-02-11,124.88,375.14,42.38,206.93
2015-02-12,126.46,377.17,43.09,208.92
2015-02-13,127.08,381.83,43.87,209.78
2015-02-16,,,,
2015-02-17,127.83,375.43,43.58,210.11
2015-02-18,128.72,373.37,43.53,210.13
2015-02-19,128.45,379.0,43.5,209.98
2015-02-20,129.5,383.66,43.86,211.24
2015-02-23,133.0,380.14,44.15,211.21
2015-02-24,132.17,378.59,44.09,211.81
2015-02-25,128.79,385.37,43.99,211.63
2015-02-26,130.42,384.8,44.06,211.38
2015-02-27,128.46,380.16,43.85,210.66
2015-03-02,129.09,385.66,43.88,211.99
2015-03-03,129.36,384.61,43.28,211.12
2015-03-04,128.54,382.72,43.06,210.23
2015-03-05,126.41,387.83,43.11,210.46
2015-03-06,126.6,380.09,42.36,207.5
2015-03-09,127.14,378.56,42.85,208.36
2015-03-10,124.51,369.51,42.03,204.98
2015-03-11,122.24,366.37,41.98,204.5
2015-03-12,124.45,374.24,41.02,207.1
2015-03-13,123.59,370.58,41.38,205.83
2015-03-16,124.95,373.35,41.56,208.58
2015-03-17,127.04,371.92,41.7,207.96
2015-03-18,128.47,375.14,42.5,210.46
2015-03-19,127.5,373.24,42.28,209.5
2015-03-20,125.9,378.49,42.88,210.41
2015-03-23,127.21,375.11,42.86,210.0
2015-03-24,126.69,374.09,42.9,208.82
2015-03-25,123.38,370.96,41.46,205.76
2015-03-26,124.24,367.35,41.21,205.27
2015-03-27,123.25,370.56,40.97,205.74
2015-03-30,126.37,374.59,40.96,208.25
2015-03-31,124.43,372.1,40.66,206.43
2015-04-01,124.25,370.26,40.72,205.7
2015-04-02,125.32,372.25,40.29,206.44
2015-04-03,,,,
2015-04-06,127.35,377.04,41.54,207.83
2015-04-07,126.01,374.41,41.53,207.28
2015-04-08,125.6,381.2,41.42,207.98
2015-04-09,126.56,383.54,41.48,208.9
2015-04-10,127.1,382.65,41.72,210.04
2015-04-13,126.85,382.36,41.76,209.09
2015-04-14,126.3,385.11,41.65,209.49
2015-04-15,126.78,383.45,42.26,210.43
2015-04-16,126.17,386.04,42.16,210.37
2015-04-17,124.75,375.56,41.62,207.95
2015-04-20,127.6,389.51,42.9,209.85
2015-04-21,126.91,391.18,42.64,209.6
2015-04-22,128.62,389.8,42.98,210.63
2015-04-23,129.67,389.99,43.34,211.16
2015-04-24,130.28,445.1,47.87,211.65
2015-04-27,132.65,438.56,48.03,210.77
2015-04-28,130.56,429.31,49.16,211.44
2015-04-29,128.64,429.37,49.06,210.57
2015-04-30,125.15,421.78,48.64,208.46
2015-05-01,128.95,422.87,48.66,210.72
2015-05-04,128.7,423.04,48.24,211.32
2015-05-05,125.8,421.19,47.6,208.9
2015-05-06,125.01,419.1,46.28,208.04
2015-05-07,125.26,426.88,46.7,208.87
2015-05-08,127.62,433.69,47.75,211.62
2015-05-11,126.32,432.85,47.37,210.6
2015-05-12,125.86,431.02,47.35,209.98
2015-05-13,126.01,426.87,47.62,210.02
2015-05-14,128.95,432.28,48.72,212.21
2015-05-15,128.77,426.0,48.3,212.44
2015-05-18,130.19,425.24,48.01,213.1
2015-05-19,130.07,421.71,47.58,213.03
2015-05-20,130.06,423.86,47.58,212.88
2015-05-21,131.39,431.63,47.42,213.5
2015-05-22,132.54,427.63,46.9,212.99
2015-05-25,,,,
2015-05-26,129.62,425.47,46.59,210.7
2015-05-27,132.04,431.42,47.61,212.7
2015-05-28,131.78,426.57,47.45,212.46
2015-05-29,130.28,429.23,46.86,211.14
2015-06-01,130.54,430.92,47.23,211.57
2015-06-02,129.96,430.99,46.92,211.36
2015-06-03,130.12,436.59,46.85,211.92
2015-06-04,129.36,430.78,46.36,210.13
2015-06-05,128.65,426.95,46.14,209.77
2015-06-08,127.8,423.5,45.73,208.48
2015-06-09,127.42,425.48,45.65,208.45
2015-06-10,128.88,430.77,46.61,210.95
2015-06-11,128.59,432.97,46.44,211.63
2015-06-12,127.17,429.92,45.97,210.01
2015-06-15,126.92,423.67,45.48,209.11
2015-06-16,127.6,427.26,45.83,210.25
2015-06-17,127.3,427.81,45.97,210.59
2015-06-18,127.88,439.39,46.72,212.78
2015-06-19,126.6,434.92,46.1,210.81
2015-06-22,127.61,436.29,46.23,211.89
2015-06-23,127.03,445.99,45.91,212.04
2015-06-24,128.11,440.84,45.64,210.5
2015-06-25,127.5,440.1,45.65,209.86
2015-06-26,126.75,438.1,45.26,209.82
2015-06-29,124.53,429.86,44.37,205.42
2015-06-30,125.42,434.09,44.15,205.85
2015-07-01,126.6,437.39,44.44,207.5
2015-07-02,126.44,437.71,44.4,207.31
2015-07-03,,,,
2015-07-06,126.0,436.04,44.39,206.72
2015-07-07,125.69,436.72,44.3,208.02
2015-07-08,122.57,429.7,44.24,204.53
2015-07-09,120.07,434.39,44.52,204.9
2015-07-10,123.28,443.51,44.61,207.48
2015-07-13,125.66,455.57,45.54,209.77
2015-07-14,125.61,465.57,45.62,210.68
2015-07-15,126.82,461.19,45.76,210.61
2015-07-16,128.51,475.48,46.66,212.3
2015-07-17,129.62,483.01,46.62,212.48
2015-07-20,132.07,488.1,46.92,212.59
2015-07-21,130.75,488.0,47.28,211.75
2015-07-22,125.22,488.27,45.54,211.37
2015-07-23,125.16,482.18,46.11,210.18
2015-07-24,124.5,529.42,45.94,208.0
2015-07-27,122.77,531.41,45.35,206.79
2015-07-28,123.38,526.03,45.34,209.33
2015-07-29,122.99,529.0,46.29,210.77
2015-07-30,122.37,536.76,46.88,210.82
2015-07-31,121.3,536.15,46.7,210.5
2015-08-03,118.44,535.03,46.81,209.79
2015-08-04,114.64,531.9,47.54,209.38
2015-08-05,115.4,537.01,47.58,210.07
2015-08-06,115.13,529.46,46.62,208.35
2015-08-07,115.52,522.62,46.74,207.95
2015-08-10,119.72,524.0,47.33,210.57
2015-08-11,113.49,527.46,46.41,208.67
2015-08-12,115.24,525.91,46.74,208.92
2015-08-13,115.15,529.66,46.73,208.66
2015-08-14,115.96,531.52,47.0,209.42
2015-08-17,117.16,535.22,47.32,210.59
2015-08-18,116.5,535.02,47.27,209.98
2015-08-19,115.01,532.92,46.61,208.32
2015-08-20,112.65,515.78,45.66,204.01
2015-08-21,105.76,494.47,43.07,197.63
2015-08-24,103.12,463.37,41.68,189.55
2015-08-25,103.74,466.37,40.47,187.23
2015-08-26,109.69,500.77,42.71,194.68
2015-08-27,112.92,518.37,43.9,199.16
2015-08-28,113.29,518.01,43.93,199.24
2015-08-31,112.76,512.89,43.52,197.54
2015-09-01,107.72,496.54,41.82,191.92
2015-09-02,112.34,510.55,43.36,195.36
2015-09-03,110.37,504.72,43.5,195.65
2015-09-04,109.27,499.0,42.61,192.56
2015-09-07,,,,
2015-09-08,112.31,517.54,43.89,197.46
2015-09-09,110.15,516.89,43.07,194.79
2015-09-10,112.57,522.24,43.29,195.85
2015-09-11,114.21,529.44,43.48,196.81
2015-09-14,115.31,521.38,43.04,196.01
2015-09-15,116.28,522.37,43.98,198.46
2015-09-16,116.41,527.39,44.3,200.18
2015-09-17,113.92,538.87,44.25,199.73
2015-09-18,113.45,540.26,43.48,195.36
2015-09-21,115.21,548.39,44.11,196.46
2015-09-22,113.4,538.4,43.9,193.9
2015-09-23,114.32,536.07,43.87,193.6
2015-09-24,115.0,533.75,43.91,192.93
2015-09-25,114.71,524.25,43.94,192.86
2015-09-28,112.44,504.06,43.29,188.01
2015-09-29,109.06,496.07,43.44,188.12
2015-09-30,110.3,511.89,44.26,191.63
2015-10-01,109.58,520.72,44.61,192.16
2015-10-02,110.38,532.54,45.57,195.0
2015-10-05,110.78,543.68,46.63,198.47
2015-10-06,111.31,537.48,46.75,197.81
2015-10-07,110.78,541.94,46.8,199.41
2015-10-08,109.5,533.16,47.45,201.21
2015-10-09,112.12,539.8,47.11,201.33
2015-10-12,111.6,550.19,47.0,201.52
2015-10-13,111.79,548.9,46.89,200.25
2015-10-14,110.21,544.83,46.68,199.29
2015-10-15,111.86,562.44,47.01,202.29
2015-10-16,111.04,570.76,47.51,203.27
2015-10-19,111.73,573.15,47.62,203.32
2015-10-20,113.77,560.88,47.77,203.11
2015-10-21,113.76,555.77,47.2,201.85
2015-10-22,115.5,563.91,48.03,205.26
2015-10-23,119.08,599.03,52.87,207.51
2015-10-26,115.28,608.61,54.25,206.99
2015-10-27,114.55,611.01,53.69,206.57
2015-10-28,119.27,617.1,53.98,208.94
2015-10-29,120.53,626.55,53.36,208.83
2015-10-30,119.5,625.9,52.64,207.93
2015-11-02,121.18,628.35,53.24,210.33
2015-11-03,122.57,625.31,54.15,211.0
2015-11-04,122.0,640.95,54.4,210.36
2015-11-05,120.92,655.65,54.38,210.15
2015-11-06,121.06,659.37,54.92,210.04
2015-11-09,120.57,655.49,54.16,208.08
2015-11-10,116.77,659.68,53.51,208.56
2015-11-11,116.11,673.25,53.65,207.67
2015-11-12,115.72,665.6,53.32,204.84
2015-11-13,112.34,642.35,52.84,202.54
2015-11-16,114.18,647.81,53.76,205.62
2015-11-17,113.69,643.3,52.97,205.47
2015-11-18,117.29,663.54,53.85,208.73
2015-11-19,118.78,661.27,53.94,208.55
2015-11-20,119.3,668.45,54.19,209.31
2015-11-23,117.75,678.99,54.19,209.07
2015-11-24,118.88,671.15,54.25,209.35
2015-11-25,118.03,675.34,53.69,209.32
2015-11-26,,,,
2015-11-27,117.81,673.26,53.93,209.56
2015-11-30,118.3,664.8,54.35,208.69
2015-12-01,117.34,679.06,55.22,210.68
2015-12-02,116.28,676.01,55.21,208.53
2015-12-03,115.2,666.25,54.2,205.61
2015-12-04,119.03,672.64,55.91,209.62
2015-12-07,118.28,669.83,55.81,208.35
2015-12-08,118.23,677.33,55.79,206.95
2015-12-09,115.62,664.79,54.98,205.34
2015-12-10,116.17,662.32,55.27,205.87
2015-12-11,113.18,640.15,54.06,201.88
2015-12-14,112.48,657.91,55.14,202.9
2015-12-15,110.49,658.64,55.2,205.03
2015-12-16,111.34,675.77,56.13,208.03
2015-12-17,108.98,670.65,55.7,204.86
2015-12-18,106.03,664.14,54.13,200.02
2015-12-21,107.33,664.51,54.83,201.67
2015-12-22,107.23,663.15,55.35,203.5
2015-12-23,108.61,663.7,55.82,206.02
2015-12-24,108.03,662.79,55.67,205.68
2015-12-25,,,,
2015-12-28,106.82,675.2,55.95,205.21
2015-12-29,108.74,693.97,56.55,207.4
2015-12-30,107.32,689.07,56.31,205.93
2015-12-31,105.26,675.89,55.48,203.87
2016-01-01,,,,
2016-01-04,105.35,636.99,54.8,201.02
2016-01-05,102.71,633.79,55.05,201.36
2016-01-06,100.7,632.65,54.05,198.82
2016-01-07,96.45,607.94,52.17,194.05
2016-01-08,96.96,607.05,52.33,191.92
2016-01-11,98.53,617.74,52.3,192.11
2016-01-12,99.96,617.89,52.78,193.66
2016-01-13,97.39,581.81,51.64,188.83
2016-01-14,99.52,593.0,53.11,191.93
2016-01-15,97.13,570.18,50.99,187.81
2016-01-18,,,,
2016-01-19,96.66,574.48,50.56,188.06
2016-01-20,96.79,571.77,50.79,185.65
2016-01-21,96.3,575.02,50.48,186.69
2016-01-22,101.42,596.38,52.29,190.52
2016-01-25,99.44,596.53,51.79,187.64
2016-01-26,99.99,601.25,52.17,190.2
2016-01-27,93.42,583.35,51.22,188.13
2016-01-28,94.09,635.35,52.06,189.11
2016-01-29,97.34,587.0,55.09,193.72
2016-02-01,96.43,574.81,54.71,193.65
2016-02-02,94.48,552.1,53.0,190.16
2016-02-03,96.35,531.07,52.16,191.3
2016-02-04,96.6,536.26,52.0,191.6
2016-02-05,94.02,502.13,50.16,187.95
2016-02-08,95.01,488.1,49.41,185.42
2016-02-09,94.99,482.07,49.28,185.43
2016-02-10,94.27,490.48,49.71,185.27
2016-02-11,93.7,503.82,49.69,182.86
2016-02-12,93.99,507.08,50.5,186.63
2016-02-15,,,,
2016-02-16,96.64,521.1,51.09,189.78
2016-02-17,98.12,534.1,52.42,192.88
2016-02-18,96.26,525.0,52.19,192.09
2016-02-19,96.04,534.9,51.82,192.0
2016-02-22,96.88,559.5,52.65,194.78
2016-02-23,94.69,552.94,51.18,192.32
2016-02-24,96.1,554.04,51.36,193.2
2016-02-25,96.76,555.15,52.1,195.54
2016-02-26,96.91,555.23,51.3,195.09
2016-02-29,96.69,552.52,50.88,193.35
2016-03-01,100.53,579.04,52.58,198.11
2016-03-02,100.75,580.21,52.95,199.0
2016-03-03,101.5,577.49,52.35,199.78
2016-03-04,103.01,575.14,52.03,200.43
2016-03-07,101.87,562.8,51.03,200.59
2016-03-08,101.03,560.26,51.65,198.4
2016-03-09,101.12,559.47,52.84,199.38
2016-03-10,101.17,558.93,52.05,199.54
2016-03-11,102.26,569.61,53.07,202.76
2016-03-14,102.52,573.37,53.17,202.5
2016-03-15,104.58,577.02,53.59,202.17
2016-03-16,105.97,574.27,54.35,203.34
2016-03-17,105.8,559.44,54.66,204.63
2016-03-18,105.92,552.08,53.49,204.38
2016-03-21,105.91,553.98,53.86,204.67
2016-03-22,106.72,560.48,54.07,204.56
2016-03-23,106.13,569.63,53.97,203.21
2016-03-24,105.67,582.95,54.21,203.12
2016-03-25,,,,
2016-03-28,105.19,579.87,53.54,203.24
2016-03-29,107.68,593.86,54.71,205.12
2016-03-30,109.56,598.69,55.05,206.02
2016-03-31,108.99,593.64,55.23,205.52
2016-04-01,109.99,598.5,55.57,206.92
2016-04-04,111.12,593.19,55.43,206.25
2016-04-05,109.81,586.14,54.56,204.19
2016-04-06,110.96,602.08,55.12,206.42
2016-04-07,108.54,591.43,54.46,203.95
2016-04-08,108.66,594.6,54.42,204.5
2016-04-11,109.02,595.93,54.31,204.02
2016-04-12,110.44,603.17,54.65,205.92
2016-04-13,112.04,614.82,55.35,208.0
2016-04-14,112.1,620.75,55.36,208.01
2016-04-15,109.85,625.89,55.65,207.78
2016-04-18,107.48,635.35,56.46,209.24
2016-04-19,106.91,627.9,56.39,209.9
2016-04-20,107.13,632.99,55.59,210.1
2016-04-21,105.97,631.0,55.78,208.97
2016-04-22,105.68,620.5,51.78,208.97
2016-04-25,105.08,626.2,52.11,208.61
2016-04-26,104.35,616.88,51.44,208.92
2016-04-27,97.82,606.57,50.94,209.35
2016-04-28,94.83,602.0,49.9,207.45
2016-04-29,93.74,659.59,49.87,206.33
2016-05-02,93.64,683.85,50.61,207.97
2016-05-03,95.18,671.32,49.78,206.16
2016-05-04,94.19,670.9,49.87,205.01
2016-05-05,93.24,659.09,49.94,204.97
2016-05-06,92.72,673.95,50.39,205.72
2016-05-09,92.79,679.75,50.07,205.89
2016-05-10,93.42,703.07,51.02,208.45
2016-05-11,92.51,713.23,51.05,206.5
2016-05-12,90.34,717.93,51.51,206.56
2016-05-13,90.52,709.92,51.08,204.76
2016-05-16,93.88,710.66,51.83,206.78
2016-05-17,93.49,695.27,50.51,204.85
2016-05-18,94.56,697.45,50.81,204.91
2016-05-19,94.2,698.52,50.32,204.2
2016-05-20,95.22,702.8,50.62,205.49
2016-05-23,96.43,696.75,50.03,205.21
2016-05-24,97.9,704.2,51.59,207.87
2016-05-25,99.62,708.35,52.12,209.28
2016-05-26,100.41,714.91,51.89,209.34
2016-05-27,100.35,712.24,52.32,210.24
2016-05-30,,,,
2016-05-31,99.86,722.79,53.0,209.84
2016-06-01,98.46,719.44,52.85,210.27
2016-06-02,97.72,728.24,52.48,210.91
2016-06-03,97.92,725.54,51.79,210.28
2016-06-06,98.63,726.73,52.13,211.35
2016-06-07,99.03,723.74,52.1,211.68
2016-06-08,98.94,726.64,52.04,212.37
2016-06-09,99.65,727.65,51.62,212.08
2016-06-10,98.83,717.91,51.48,210.07
2016-06-13,97.34,715.24,50.14,208.45
2016-06-14,97.46,719.3,49.83,208.04
2016-06-15,97.14,714.26,49.69,207.75
2016-06-16,97.55,717.51,50.39,208.37
2016-06-17,95.33,706.39,50.13,206.52
2016-06-20,95.1,714.01,50.07,207.85
2016-06-21,95.91,715.82,51.19,208.44
2016-06-22,95.55,710.6,50.99,208.1
2016-06-23,96.1,722.08,51.91,210.81
2016-06-24,93.4,698.96,49.83,203.13
2016-06-27,92.04,691.36,48.43,199.6
2016-06-28,93.59,707.95,49.44,203.2
2016-06-29,94.4,715.6,50.54,206.66
2016-06-30,95.6,715.62,51.17,209.48
2016-07-01,95.89,725.68,51.16,209.92
2016-07-04,,,,
2016-07-05,94.99,728.1,51.17,208.41
2016-07-06,95.53,737.61,51.38,209.66
2016-07-07,95.94,736.57,51.38,209.53
2016-07-08,96.68,745.81,52.3,212.65
2016-07-11,96.98,753.78,52.59,213.4
2016-07-12,97.42,748.21,53.21,214.95
2016-07-13,96.87,742.63,53.51,214.92
2016-07-14,98.79,741.2,53.74,216.12
2016-07-15,98.78,735.44,53.7,215.83
2016-07-18,99.83,736.07,53.96,216.41
2016-07-19,99.87,739.95,53.09,216.19
2016-07-20,99.96,745.72,55.91,217.08
2016-07-21,99.43,744.43,55.8,216.26
2016-07-22,98.66,744.86,56.57,217.24
2016-07-25,97.34,739.61,56.73,216.65
2016-07-26,96.67,735.59,56.76,216.75
2016-07-27,102.95,736.67,56.19,216.52
2016-07-28,104.34,752.61,56.21,216.77
2016-07-29,104.21,758.81,56.68,217.12
2016-08-01,106.05,767.74,56.58,216.94
2016-08-02,104.48,760.58,56.58,215.55
2016-08-03,105.79,754.64,56.97,216.18
2016-08-04,105.87,760.77,57.39,216.41
2016-08-05,107.48,765.98,57.96,218.18
2016-08-08,108.37,766.56,58.06,218.05
2016-08-09,108.81,768.31,58.2,218.18
2016-08-10,108.0,768.56,58.02,217.64
2016-08-11,107.93,771.24,58.3,218.65
2016-08-12,108.18,772.56,57.94,218.46
2016-08-15,109.48,768.49,58.12,219.09
2016-08-16,109.38,764.04,57.44,217.96
2016-08-17,109.22,764.63,57.56,218.37
2016-08-18,109.08,764.46,57.6,218.86
2016-08-19,109.36,757.31,57.62,218.54
2016-08-22,108.51,759.48,57.67,218.53
2016-08-23,108.85,762.45,57.89,218.97
2016-08-24,108.03,757.25,57.95,217.85
2016-08-25,107.57,759.22,58.17,217.7
2016-08-26,106.94,769.0,58.03,217.29
2016-08-29,106.82,771.29,58.1,218.36
2016-08-30,106.0,767.58,57.89,218.0
2016-08-31,106.1,769.16,57.46,217.38
2016-09-01,106.73,770.62,57.59,217.39
2016-09-02,107.73,772.44,57.67,218.37
2016-09-05,,,,
2016-09-06,107.7,788.87,57.61,219.03
2016-09-07,108.36,784.48,57.66,219.01
2016-09-08,105.52,784.06,57.43,218.51
2016-09-09,103.13,760.14,56.21,213.28
2016-09-12,105.44,771.49,57.05,216.34
2016-09-13,107.95,761.01,56.53,213.23
2016-09-14,111.77,761.09,56.26,213.15
2016-09-15,115.57,769.69,57.19,215.28
2016-09-16,114.92,778.52,57.25,213.37
2016-09-19,113.58,775.1,56.93,213.41
2016-09-20,113.57,780.22,56.81,213.42
2016-09-21,113.55,789.74,57.76,215.82
2016-09-22,114.62,804.7,57.82,217.18
2016-09-23,112.71,805.75,57.43,215.99
2016-09-26,112.88,799.16,56.9,214.24
2016-09-27,113.09,816.11,57.95,215.57
2016-09-28,113.95,828.72,58.03,216.64
2016-09-29,112.18,829.05,57.4,214.68
2016-09-30,113.05,837.31,57.6,216.3
2016-10-03,112.52,836.74,57.42,215.78
2016-10-04,113.0,834.03,57.24,214.68
2016-10-05,113.05,844.36,57.64,215.63
2016-10-06,113.89,841.66,57.74,215.78
2016-10-07,114.06,839.43,57.8,215.04
2016-10-10,116.05,841.71,58.04,216.16
2016-10-11,116.3,831.0,57.19,213.43
2016-10-12,117.34,834.09,57.11,213.71
2016-10-13,116.98,829.28,56.92,213.01
2016-10-14,117.63,822.96,57.42,213.12
2016-10-17,117.55,812.95,57.22,212.38
2016-10-18,117.47,817.65,57.66,213.71
2016-10-19,117.12,817.69,57.53,214.28
2016-10-20,117.06,810.32,57.25,213.88
2016-10-21,116.6,818.99,59.66,213.98
2016-10-24,117.65,838.09,61.0,214.89
2016-10-25,118.25,835.18,60.99,214.17
2016-10-26,115.59,822.59,60.63,213.74
2016-10-27,114.48,818.36,60.1,213.17
2016-10-28,113.72,776.32,59.87,212.54
2016-10-31,113.54,789.82,59.92,212.55
2016-11-01,111.49,785.41,59.8,211.01
2016-11-02,111.59,765.56,59.43,209.74
2016-11-03,109.83,767.03,59.21,208.78
2016-11-04,108.84,755.05,58.71,208.55
2016-11-07,110.41,784.93,60.42,213.15
2016-11-08,111.06,787.75,60.47,214.11
2016-11-09,110.88,771.88,60.17,216.38
2016-11-10,107.79,742.38,58.7,216.92
2016-11-11,108.43,739.01,59.02,216.42
2016-11-14,105.71,719.07,58.12,216.59
2016-11-15,107.11,743.24,58.87,218.28
2016-11-16,109.99,746.49,59.65,217.87
2016-11-17,109.95,756.4,60.64,218.99
2016-11-18,110.06,760.16,60.35,218.5
2016-11-21,111.73,780.0,60.86,220.15
2016-11-22,111.8,785.33,61.12,220.58
2016-11-23,111.23,780.12,60.4,220.7
2016-11-24,,,,
2016-11-25,111.79,780.37,60.53,221.52
2016-11-28,111.57,766.77,60.61,220.48
2016-11-29,111.46,762.52,61.09,220.91
2016-11-30,110.52,750.57,60.26,220.38
2016-12-01,109.49,743.65,59.2,219.57
2016-12-02,109.9,740.34,59.25,219.68
2016-12-05,109.11,759.36,60.22,221.0
2016-12-06,109.95,764.72,59.95,221.7
2016-12-07,111.03,770.42,61.37,224.6
2016-12-08,112.12,767.33,61.01,225.15
2016-12-09,113.95,768.66,61.97,226.51
2016-12-12,113.3,760.12,62.17,226.25
2016-12-13,115.19,774.34,62.98,227.76
2016-12-14,115.19,768.82,62.68,225.88
2016-12-15,115.82,761.0,62.58,226.81
2016-12-16,115.97,757.77,62.3,225.04
2016-12-19,116.64,766.0,63.62,225.53
2016-12-20,116.95,771.22,63.54,226.4
2016-12-21,117.06,770.6,63.54,225.77
2016-12-22,116.29,766.34,63.55,225.38
2016-12-23,116.52,760.59,63.24,225.71
2016-12-26,,,,
2016-12-27,117.26,771.4,63.28,226.27
2016-12-28,116.76,772.13,62.99,224.4
2016-12-29,116.73,765.15,62.9,224.35
2016-12-30,115.82,749.87,62.14,223.53
